/*
SQLyog v10.2 
MySQL - 5.5.48 : Database - s598266db0
*********************************************************************
*/

/*!40101 SET NAMES utf8 */;

/*!40101 SET SQL_MODE=''*/;

/*!40014 SET @OLD_UNIQUE_CHECKS=@@UNIQUE_CHECKS, UNIQUE_CHECKS=0 */;
/*!40101 SET @OLD_SQL_MODE=@@SQL_MODE, SQL_MODE='NO_AUTO_VALUE_ON_ZERO' */;
/*!40111 SET @OLD_SQL_NOTES=@@SQL_NOTES, SQL_NOTES=0 */;
/*Table structure for table `mj_admin` */

CREATE TABLE `mj_admin` (
  `eid` int(10) NOT NULL AUTO_INCREMENT,
  `esno` varchar(20) DEFAULT NULL COMMENT '工号',
  `ename` varchar(10) DEFAULT NULL COMMENT '员工姓名',
  `pwd` varchar(64) DEFAULT NULL COMMENT '密码',
  `tel1` varchar(11) DEFAULT NULL COMMENT '电话1',
  `tel2` varchar(11) DEFAULT NULL COMMENT '电话2',
  `birth` date DEFAULT NULL COMMENT '生日',
  `type` int(10) DEFAULT NULL COMMENT '1 管理员 2 商务 3 技术',
  `rzrq` date DEFAULT NULL COMMENT '入职日期',
  `status` tinyint(4) DEFAULT '1' COMMENT '状态 1 正常 2 禁用',
  PRIMARY KEY (`eid`)
) ENGINE=MyISAM AUTO_INCREMENT=8 DEFAULT CHARSET=utf8;

/*Data for the table `mj_admin` */

insert  into `mj_admin`(`eid`,`esno`,`ename`,`pwd`,`tel1`,`tel2`,`birth`,`type`,`rzrq`,`status`) values (1,'CX001','苗君','123','18663401466','18663401455','2018-02-21',1,'2018-02-01',1);
insert  into `mj_admin`(`eid`,`esno`,`ename`,`pwd`,`tel1`,`tel2`,`birth`,`type`,`rzrq`,`status`) values (2,'CX002','骆磊','123','','','2018-02-14',3,NULL,1);
insert  into `mj_admin`(`eid`,`esno`,`ename`,`pwd`,`tel1`,`tel2`,`birth`,`type`,`rzrq`,`status`) values (3,'CX003','邱沛沛','123','','',NULL,2,NULL,1);
insert  into `mj_admin`(`eid`,`esno`,`ename`,`pwd`,`tel1`,`tel2`,`birth`,`type`,`rzrq`,`status`) values (4,'CX004','王敏','123',NULL,NULL,NULL,2,NULL,1);
insert  into `mj_admin`(`eid`,`esno`,`ename`,`pwd`,`tel1`,`tel2`,`birth`,`type`,`rzrq`,`status`) values (7,'my001','后勤部','123','','',NULL,4,NULL,1);

/*Table structure for table `mj_order` */

CREATE TABLE `mj_order` (
  `w_id` int(10) NOT NULL AUTO_INCREMENT,
  `tel` char(11) DEFAULT NULL COMMENT '来电',
  `danwei` varchar(50) DEFAULT NULL COMMENT '单位',
  `keshi` varchar(50) DEFAULT NULL COMMENT '科室',
  `product` varchar(500) DEFAULT NULL COMMENT '销售产品',
  `price` decimal(10,2) DEFAULT NULL COMMENT '产品总价',
  `content` varchar(500) DEFAULT NULL COMMENT '维修内容',
  `dengji` tinyint(4) DEFAULT '1' COMMENT '1 一般 2 急 3 紧急',
  `renwusta` tinyint(4) DEFAULT '1' COMMENT '1 新发 2 已领 3 完成',
  `eid` int(10) DEFAULT '0' COMMENT '员工id',
  `addtime` datetime DEFAULT NULL COMMENT '订单时间',
  `ltime` datetime DEFAULT NULL COMMENT '领单时间',
  `wtime` datetime DEFAULT NULL COMMENT '完成时间',
  `beizhu` varchar(5000) DEFAULT NULL COMMENT '备注',
  `status` tinyint(4) DEFAULT '0' COMMENT '0 未完成 1 完成',
  `aid` int(10) DEFAULT '0' COMMENT '发布者',
  `is_dy` tinyint(4) DEFAULT '0' COMMENT '0 未打印 1 打印',
  PRIMARY KEY (`w_id`)
) ENGINE=MyISAM AUTO_INCREMENT=165 DEFAULT CHARSET=utf8;

/*Data for the table `mj_order` */

insert  into `mj_order`(`w_id`,`tel`,`danwei`,`keshi`,`product`,`price`,`content`,`dengji`,`renwusta`,`eid`,`addtime`,`ltime`,`wtime`,`beizhu`,`status`,`aid`,`is_dy`) values (30,'15538930076','疫控中心','办公室','',NULL,'传真机维修',1,4,1,'2018-02-27 08:02:33','2018-02-27 09:23:40','2018-02-27 09:23:43','',1,NULL,NULL);
insert  into `mj_order`(`w_id`,`tel`,`danwei`,`keshi`,`product`,`price`,`content`,`dengji`,`renwusta`,`eid`,`addtime`,`ltime`,`wtime`,`beizhu`,`status`,`aid`,`is_dy`) values (29,'15138810089','梨林财政所','办公室','',NULL,'打印机加粉',1,4,2,'2018-02-26 21:22:58',NULL,NULL,'',1,NULL,NULL);
insert  into `mj_order`(`w_id`,`tel`,`danwei`,`keshi`,`product`,`price`,`content`,`dengji`,`renwusta`,`eid`,`addtime`,`ltime`,`wtime`,`beizhu`,`status`,`aid`,`is_dy`) values (27,'18638915306','济水办事处','个人','Tp5620*2','260.00','购买路由器4天线',1,4,2,'2018-02-26 21:12:42','2018-02-27 00:00:00','2018-02-27 00:00:00','中午骆磊送',0,NULL,NULL);
insert  into `mj_order`(`w_id`,`tel`,`danwei`,`keshi`,`product`,`price`,`content`,`dengji`,`renwusta`,`eid`,`addtime`,`ltime`,`wtime`,`beizhu`,`status`,`aid`,`is_dy`) values (28,'6690043','济水办事处','党政办','32GU盘一个',NULL,'送U盘联系赵科',1,4,2,'2018-02-26 21:17:44','2018-02-27 09:02:34','2018-02-27 09:02:39','',1,NULL,NULL);
insert  into `mj_order`(`w_id`,`tel`,`danwei`,`keshi`,`product`,`price`,`content`,`dengji`,`renwusta`,`eid`,`addtime`,`ltime`,`wtime`,`beizhu`,`status`,`aid`,`is_dy`) values (26,'13623872558','科技局','办公室','',NULL,'5箱复印纸A4',1,4,2,'2018-02-26 21:05:59','2018-02-27 10:51:54','2018-02-27 00:00:00','',1,NULL,NULL);
insert  into `mj_order`(`w_id`,`tel`,`danwei`,`keshi`,`product`,`price`,`content`,`dengji`,`renwusta`,`eid`,`addtime`,`ltime`,`wtime`,`beizhu`,`status`,`aid`,`is_dy`) values (24,'15039191798','畜产品质检中心','检验员办公室','',NULL,'更换cpu风扇',1,4,1,'2018-02-26 17:16:37',NULL,NULL,'',1,NULL,NULL);
insert  into `mj_order`(`w_id`,`tel`,`danwei`,`keshi`,`product`,`price`,`content`,`dengji`,`renwusta`,`eid`,`addtime`,`ltime`,`wtime`,`beizhu`,`status`,`aid`,`is_dy`) values (25,'微信宋亚波','宣传部','信息科','',NULL,'门禁报价',1,4,3,'2018-02-26 17:54:34','2018-02-27 00:00:00','2018-02-27 00:00:00','邱沛沛完成',0,NULL,NULL);
insert  into `mj_order`(`w_id`,`tel`,`danwei`,`keshi`,`product`,`price`,`content`,`dengji`,`renwusta`,`eid`,`addtime`,`ltime`,`wtime`,`beizhu`,`status`,`aid`,`is_dy`) values (31,'新平电话','玉泉办事处','计生办','',NULL,'电脑蓝屏！',1,4,1,'2018-02-27 08:42:27','2018-02-27 08:43:37','2018-02-27 08:58:34','',1,NULL,NULL);
insert  into `mj_order`(`w_id`,`tel`,`danwei`,`keshi`,`product`,`price`,`content`,`dengji`,`renwusta`,`eid`,`addtime`,`ltime`,`wtime`,`beizhu`,`status`,`aid`,`is_dy`) values (32,'03916694555','济水办事处','居财办','',NULL,'12A鼓打印有黑横道，更换硒鼓',1,4,2,'2018-02-27 09:06:55','2018-02-27 09:36:15','2018-02-27 09:36:24','',1,NULL,NULL);
insert  into `mj_order`(`w_id`,`tel`,`danwei`,`keshi`,`product`,`price`,`content`,`dengji`,`renwusta`,`eid`,`addtime`,`ltime`,`wtime`,`beizhu`,`status`,`aid`,`is_dy`) values (33,'微信郭青','济水办事处','国安办','',NULL,'电脑死机',1,4,2,'2018-02-27 09:08:33','2018-02-28 12:32:20','2018-03-06 00:00:00','硬盘坏，不修了',1,NULL,NULL);
insert  into `mj_order`(`w_id`,`tel`,`danwei`,`keshi`,`product`,`price`,`content`,`dengji`,`renwusta`,`eid`,`addtime`,`ltime`,`wtime`,`beizhu`,`status`,`aid`,`is_dy`) values (34,'张琳静','畜产品质检中心','1243','','50.00','更换cpu风扇',1,4,2,'2018-02-27 09:56:39','2018-02-28 21:28:06','2018-02-28 00:00:00','',1,NULL,NULL);
insert  into `mj_order`(`w_id`,`tel`,`danwei`,`keshi`,`product`,`price`,`content`,`dengji`,`renwusta`,`eid`,`addtime`,`ltime`,`wtime`,`beizhu`,`status`,`aid`,`is_dy`) values (38,'办公室报','畜产品质检中心','张主任','',NULL,'换显卡',1,4,2,'2018-02-27 12:16:54','2018-02-28 21:28:30','2018-02-28 00:00:00','今天发货',1,NULL,NULL);
insert  into `mj_order`(`w_id`,`tel`,`danwei`,`keshi`,`product`,`price`,`content`,`dengji`,`renwusta`,`eid`,`addtime`,`ltime`,`wtime`,`beizhu`,`status`,`aid`,`is_dy`) values (37,'办公室小牛','科技局','办公室','88A','80.00','打印机加粉',1,4,2,'2018-02-27 11:41:20','2018-02-27 15:49:43','2018-02-27 00:00:00','',1,NULL,NULL);
insert  into `mj_order`(`w_id`,`tel`,`danwei`,`keshi`,`product`,`price`,`content`,`dengji`,`renwusta`,`eid`,`addtime`,`ltime`,`wtime`,`beizhu`,`status`,`aid`,`is_dy`) values (39,'办公室报','畜产品质检中心','办公室','',NULL,'东芝机器换定影辊',1,4,2,'2018-02-27 12:17:37','2018-02-28 21:28:51','2018-02-28 00:00:00','今天发货',1,NULL,NULL);
insert  into `mj_order`(`w_id`,`tel`,`danwei`,`keshi`,`product`,`price`,`content`,`dengji`,`renwusta`,`eid`,`addtime`,`ltime`,`wtime`,`beizhu`,`status`,`aid`,`is_dy`) values (42,'5502255','动监所','梨林','联想',NULL,'打印机加粉',1,4,2,'2018-02-28 10:09:06','2018-02-28 12:31:37','2018-02-28 00:00:00','',1,NULL,NULL);
insert  into `mj_order`(`w_id`,`tel`,`danwei`,`keshi`,`product`,`price`,`content`,`dengji`,`renwusta`,`eid`,`addtime`,`ltime`,`wtime`,`beizhu`,`status`,`aid`,`is_dy`) values (41,'03916808998','济水办事处','党政办','',NULL,'电脑慢',1,4,2,'2018-02-28 08:55:12','2018-02-28 10:48:10','2018-02-28 00:00:00','',1,NULL,NULL);
insert  into `mj_order`(`w_id`,`tel`,`danwei`,`keshi`,`product`,`price`,`content`,`dengji`,`renwusta`,`eid`,`addtime`,`ltime`,`wtime`,`beizhu`,`status`,`aid`,`is_dy`) values (43,'办公室','畜产品质检中心','张主任','',NULL,'CPU风扇',1,4,2,'2018-02-28 15:38:46','2018-02-28 21:29:11','2018-02-28 00:00:00','',1,NULL,NULL);
insert  into `mj_order`(`w_id`,`tel`,`danwei`,`keshi`,`product`,`price`,`content`,`dengji`,`renwusta`,`eid`,`addtime`,`ltime`,`wtime`,`beizhu`,`status`,`aid`,`is_dy`) values (44,' 6606580','疫控中心','财务室','','280.00','更换88a硒鼓',2,4,2,'2018-02-28 18:12:18','2018-03-01 08:34:38','2018-03-01 00:00:00','',1,NULL,NULL);
insert  into `mj_order`(`w_id`,`tel`,`danwei`,`keshi`,`product`,`price`,`content`,`dengji`,`renwusta`,`eid`,`addtime`,`ltime`,`wtime`,`beizhu`,`status`,`aid`,`is_dy`) values (45,'索科','动监所','下冶','',NULL,'安装监控2018年3月1日',1,4,1,'2018-02-28 18:45:23','2018-03-01 09:18:20','2018-03-01 00:00:00','下冶邵原都安装完成',1,NULL,NULL);
insert  into `mj_order`(`w_id`,`tel`,`danwei`,`keshi`,`product`,`price`,`content`,`dengji`,`renwusta`,`eid`,`addtime`,`ltime`,`wtime`,`beizhu`,`status`,`aid`,`is_dy`) values (46,'张保科','科技局','办公室','',NULL,'电脑安装',1,4,2,'2018-03-01 08:49:20','2018-03-01 12:10:09','2018-03-01 00:00:00','网线10米\r\nCPU风扇\r\n键鼠套装',1,NULL,NULL);
insert  into `mj_order`(`w_id`,`tel`,`danwei`,`keshi`,`product`,`price`,`content`,`dengji`,`renwusta`,`eid`,`addtime`,`ltime`,`wtime`,`beizhu`,`status`,`aid`,`is_dy`) values (47,'03916298668','阳光保险','城东','',NULL,'宽带更换，调路由器',1,4,2,'2018-03-01 09:13:45','2018-03-02 10:09:39','2018-03-02 00:00:00','下午有空再去！',1,NULL,NULL);
insert  into `mj_order`(`w_id`,`tel`,`danwei`,`keshi`,`product`,`price`,`content`,`dengji`,`renwusta`,`eid`,`addtime`,`ltime`,`wtime`,`beizhu`,`status`,`aid`,`is_dy`) values (48,'兴良','自来水','个人','',NULL,'笔记本键盘测试',1,4,2,'2018-03-01 09:15:42',NULL,'2018-03-14 00:00:00','电脑在店里沙发上，靠北，不是神舟的！',1,NULL,NULL);
insert  into `mj_order`(`w_id`,`tel`,`danwei`,`keshi`,`product`,`price`,`content`,`dengji`,`renwusta`,`eid`,`addtime`,`ltime`,`wtime`,`beizhu`,`status`,`aid`,`is_dy`) values (49,'03916681938','济水办事处','经贸办','双飞燕鼠标',NULL,'送鼠标',1,4,2,'2018-03-01 16:00:54','2018-03-01 16:24:27','2018-03-01 00:00:00','',1,NULL,NULL);
insert  into `mj_order`(`w_id`,`tel`,`danwei`,`keshi`,`product`,`price`,`content`,`dengji`,`renwusta`,`eid`,`addtime`,`ltime`,`wtime`,`beizhu`,`status`,`aid`,`is_dy`) values (50,'18569832266','玉泉办事处','经济办','',NULL,'安装电脑办公软件',1,4,2,'2018-03-01 16:01:47','2018-03-01 16:25:02','2018-03-02 00:00:00','',1,NULL,NULL);
insert  into `mj_order`(`w_id`,`tel`,`danwei`,`keshi`,`product`,`price`,`content`,`dengji`,`renwusta`,`eid`,`addtime`,`ltime`,`wtime`,`beizhu`,`status`,`aid`,`is_dy`) values (51,'03916685306','济水办事处','组织办','',NULL,'上不去网，路由器调试',1,4,2,'2018-03-01 16:04:04','2018-03-02 09:08:24','2018-03-02 00:00:00','',1,NULL,NULL);
insert  into `mj_order`(`w_id`,`tel`,`danwei`,`keshi`,`product`,`price`,`content`,`dengji`,`renwusta`,`eid`,`addtime`,`ltime`,`wtime`,`beizhu`,`status`,`aid`,`is_dy`) values (52,'15138869892','中原辊轴','企管办','',NULL,'送无线鼠标3个，100米网线，增值税发票，手撕票',1,4,1,'2018-03-02 10:43:14','2018-03-03 15:07:23','2018-03-03 00:00:00','完成',1,NULL,NULL);
insert  into `mj_order`(`w_id`,`tel`,`danwei`,`keshi`,`product`,`price`,`content`,`dengji`,`renwusta`,`eid`,`addtime`,`ltime`,`wtime`,`beizhu`,`status`,`aid`,`is_dy`) values (53,'18839053006','基础部','308','',NULL,'88A加粉或换鼓',1,4,1,'2018-03-03 11:41:12','2018-03-03 15:08:52','2018-03-03 00:00:00','更换硒鼓88A',1,NULL,NULL);
insert  into `mj_order`(`w_id`,`tel`,`danwei`,`keshi`,`product`,`price`,`content`,`dengji`,`renwusta`,`eid`,`addtime`,`ltime`,`wtime`,`beizhu`,`status`,`aid`,`is_dy`) values (54,'孔卫峰','基础部','105','5口交换机tplink',NULL,'安装交换机',1,4,1,'2018-03-03 16:53:39','2018-03-03 16:55:14','2018-03-03 00:00:00','从恒源借交换机一个安装完成',1,NULL,NULL);
insert  into `mj_order`(`w_id`,`tel`,`danwei`,`keshi`,`product`,`price`,`content`,`dengji`,`renwusta`,`eid`,`addtime`,`ltime`,`wtime`,`beizhu`,`status`,`aid`,`is_dy`) values (55,'备货','中原辊轴','仓库','',NULL,'3等分3层打印纸5箱，有一箱更换',1,4,2,'2018-03-03 17:22:35','2018-03-06 09:58:37','2018-03-06 00:00:00','3.6重发',1,NULL,NULL);
insert  into `mj_order`(`w_id`,`tel`,`danwei`,`keshi`,`product`,`price`,`content`,`dengji`,`renwusta`,`eid`,`addtime`,`ltime`,`wtime`,`beizhu`,`status`,`aid`,`is_dy`) values (56,'老李','中原辊轴','安全检查科','联想粉',NULL,'联想加粉',1,4,1,'2018-03-03 17:24:20','2018-03-03 17:25:07','2018-03-03 00:00:00','签到加粉，不出库',1,NULL,NULL);
insert  into `mj_order`(`w_id`,`tel`,`danwei`,`keshi`,`product`,`price`,`content`,`dengji`,`renwusta`,`eid`,`addtime`,`ltime`,`wtime`,`beizhu`,`status`,`aid`,`is_dy`) values (57,'黄新霞','天坛幼儿园','一楼晨检室','',NULL,'加粉12A！广播时间调整',1,4,1,'2018-03-04 14:12:31','2018-03-04 14:14:08','2018-03-04 00:00:00','为打印单子',1,NULL,NULL);
insert  into `mj_order`(`w_id`,`tel`,`danwei`,`keshi`,`product`,`price`,`content`,`dengji`,`renwusta`,`eid`,`addtime`,`ltime`,`wtime`,`beizhu`,`status`,`aid`,`is_dy`) values (58,'微信黄','天坛幼儿园','保教办公室','',NULL,'加粉12A',1,4,2,'2018-03-05 08:36:42','2018-03-05 16:11:18','2018-03-05 00:00:00','另外12a硒鼓一个，886路由器一个',1,NULL,NULL);
insert  into `mj_order`(`w_id`,`tel`,`danwei`,`keshi`,`product`,`price`,`content`,`dengji`,`renwusta`,`eid`,`addtime`,`ltime`,`wtime`,`beizhu`,`status`,`aid`,`is_dy`) values (59,'6893722','路通路桥','办公室','',NULL,'送3箱80g，两箱70g，修电脑春霞办公室',1,4,2,'2018-03-05 09:38:58','2018-03-05 16:14:43','2018-03-06 00:00:00','',1,NULL,NULL);
insert  into `mj_order`(`w_id`,`tel`,`danwei`,`keshi`,`product`,`price`,`content`,`dengji`,`renwusta`,`eid`,`addtime`,`ltime`,`wtime`,`beizhu`,`status`,`aid`,`is_dy`) values (60,'6611116','济水办事处','玉仙社区','',NULL,'上不去网，早上没空就下午去！',1,4,1,'2018-03-05 10:20:48','2018-03-05 16:09:47','2018-03-06 00:00:00','更换交换机5口',1,NULL,NULL);
insert  into `mj_order`(`w_id`,`tel`,`danwei`,`keshi`,`product`,`price`,`content`,`dengji`,`renwusta`,`eid`,`addtime`,`ltime`,`wtime`,`beizhu`,`status`,`aid`,`is_dy`) values (61,'18239056630','济水办事处','综治中心','',NULL,'送硬盘，国安办电脑！',2,4,3,'2018-03-05 10:25:05',NULL,NULL,'',0,NULL,NULL);
insert  into `mj_order`(`w_id`,`tel`,`danwei`,`keshi`,`product`,`price`,`content`,`dengji`,`renwusta`,`eid`,`addtime`,`ltime`,`wtime`,`beizhu`,`status`,`aid`,`is_dy`) values (62,'18839053281','基础部','307','88A硒鼓',NULL,'更换硒鼓',1,4,2,'2018-03-05 10:55:36','2018-03-05 14:40:05','2018-03-05 00:00:00','办公室另加12a粉一支',1,NULL,NULL);
insert  into `mj_order`(`w_id`,`tel`,`danwei`,`keshi`,`product`,`price`,`content`,`dengji`,`renwusta`,`eid`,`addtime`,`ltime`,`wtime`,`beizhu`,`status`,`aid`,`is_dy`) values (63,'微信','中原辊轴','技术部','',NULL,'技术部刘金霞打印机加粉！估计应该是128a',1,4,2,'2018-03-05 11:25:25','2018-03-06 09:57:32','2018-03-06 00:00:00','',1,NULL,NULL);
insert  into `mj_order`(`w_id`,`tel`,`danwei`,`keshi`,`product`,`price`,`content`,`dengji`,`renwusta`,`eid`,`addtime`,`ltime`,`wtime`,`beizhu`,`status`,`aid`,`is_dy`) values (64,'未','济水办事处','计生办','',NULL,'送黑色键盘',1,4,1,'2018-03-05 13:52:46','2018-03-05 17:46:55','2018-03-05 00:00:00','已送键盘，未签字',1,NULL,NULL);
insert  into `mj_order`(`w_id`,`tel`,`danwei`,`keshi`,`product`,`price`,`content`,`dengji`,`renwusta`,`eid`,`addtime`,`ltime`,`wtime`,`beizhu`,`status`,`aid`,`is_dy`) values (65,'17703899050','玉泉办事处','园区','',NULL,'红色家园电脑上网，杀毒',1,4,2,'2018-03-05 15:12:41','2018-03-05 17:35:19','2018-03-05 00:00:00','今天下午到明天下班前弄好',1,NULL,NULL);
insert  into `mj_order`(`w_id`,`tel`,`danwei`,`keshi`,`product`,`price`,`content`,`dengji`,`renwusta`,`eid`,`addtime`,`ltime`,`wtime`,`beizhu`,`status`,`aid`,`is_dy`) values (66,'1155','玉泉办事处','民政大厅','',NULL,'送三个小音响，WIN7激活',1,4,2,'2018-03-05 18:29:00','2018-03-06 09:58:12','2018-03-06 00:00:00','',1,NULL,NULL);
insert  into `mj_order`(`w_id`,`tel`,`danwei`,`keshi`,`product`,`price`,`content`,`dengji`,`renwusta`,`eid`,`addtime`,`ltime`,`wtime`,`beizhu`,`status`,`aid`,`is_dy`) values (67,'妮子','基础部','办公室','',NULL,'五个无线网卡和电脑安装',1,4,2,'2018-03-06 11:27:35','2018-03-07 11:13:27','2018-03-07 00:00:00','下午去',1,NULL,NULL);
insert  into `mj_order`(`w_id`,`tel`,`danwei`,`keshi`,`product`,`price`,`content`,`dengji`,`renwusta`,`eid`,`addtime`,`ltime`,`wtime`,`beizhu`,`status`,`aid`,`is_dy`) values (68,'18539118400','百易学校','财务','',NULL,'送根网线',1,4,3,'2018-03-06 15:07:11','2018-03-06 17:02:04','2018-03-06 00:00:00','',1,NULL,NULL);
insert  into `mj_order`(`w_id`,`tel`,`danwei`,`keshi`,`product`,`price`,`content`,`dengji`,`renwusta`,`eid`,`addtime`,`ltime`,`wtime`,`beizhu`,`status`,`aid`,`is_dy`) values (69,'索','动监所','双汇、亿源','',NULL,'安装监控摄像头',1,4,1,'2018-03-06 15:08:28','2018-03-07 11:22:32','2018-03-22 00:00:00','双汇当天完成，亿源是李武刚安装，焊支架！',1,NULL,NULL);
insert  into `mj_order`(`w_id`,`tel`,`danwei`,`keshi`,`product`,`price`,`content`,`dengji`,`renwusta`,`eid`,`addtime`,`ltime`,`wtime`,`beizhu`,`status`,`aid`,`is_dy`) values (70,'123','基础部','办公室','88A',NULL,'加88A 粉',1,4,2,'2018-03-07 08:14:26','2018-03-07 11:14:01','2018-03-07 00:00:00','先不加粉，过两天直接换硒鼓',1,NULL,NULL);
insert  into `mj_order`(`w_id`,`tel`,`danwei`,`keshi`,`product`,`price`,`content`,`dengji`,`renwusta`,`eid`,`addtime`,`ltime`,`wtime`,`beizhu`,`status`,`aid`,`is_dy`) values (71,'03916603933','玉泉办事处','财务代理中心','',NULL,'无线网上不去',1,4,2,'2018-03-07 10:19:18','2018-03-07 11:12:14','2018-03-07 00:00:00','是试一段时间在说',1,NULL,NULL);
insert  into `mj_order`(`w_id`,`tel`,`danwei`,`keshi`,`product`,`price`,`content`,`dengji`,`renwusta`,`eid`,`addtime`,`ltime`,`wtime`,`beizhu`,`status`,`aid`,`is_dy`) values (72,'15138810089','梨林财政所','办公室','',NULL,'电脑重启',1,4,1,'2018-03-07 10:20:31','2018-03-07 11:22:24','2018-03-22 00:00:00','重装系统完成！',1,NULL,NULL);
insert  into `mj_order`(`w_id`,`tel`,`danwei`,`keshi`,`product`,`price`,`content`,`dengji`,`renwusta`,`eid`,`addtime`,`ltime`,`wtime`,`beizhu`,`status`,`aid`,`is_dy`) values (73,'6621039','基础部','107','',NULL,'电脑问题',1,4,1,'2018-03-07 11:26:20','2018-03-22 07:41:30','2018-03-22 00:00:00','主板维修，由骆磊完成送去',1,NULL,NULL);
insert  into `mj_order`(`w_id`,`tel`,`danwei`,`keshi`,`product`,`price`,`content`,`dengji`,`renwusta`,`eid`,`addtime`,`ltime`,`wtime`,`beizhu`,`status`,`aid`,`is_dy`) values (74,'江琴','中原辊轴','仓库','',NULL,'5口交换机',1,4,1,'2018-03-07 14:24:47','2018-03-07 17:14:59','2018-03-19 00:00:00','已经换！后来又换路由器',1,NULL,NULL);
insert  into `mj_order`(`w_id`,`tel`,`danwei`,`keshi`,`product`,`price`,`content`,`dengji`,`renwusta`,`eid`,`addtime`,`ltime`,`wtime`,`beizhu`,`status`,`aid`,`is_dy`) values (75,'江琴 微信','中原辊轴','企管办','',NULL,'复印机报价 20张到35张，（ 东芝和美能达）',1,4,3,'2018-03-07 14:25:38','2018-03-09 10:32:49','2018-03-09 00:00:00','',1,NULL,NULL);
insert  into `mj_order`(`w_id`,`tel`,`danwei`,`keshi`,`product`,`price`,`content`,`dengji`,`renwusta`,`eid`,`addtime`,`ltime`,`wtime`,`beizhu`,`status`,`aid`,`is_dy`) values (76,'新平电话','玉泉办事处','纪检书记','',NULL,'打不开网页',1,4,2,'2018-03-07 14:31:23','2018-03-07 15:14:48','2018-03-07 00:00:00','',1,NULL,NULL);
insert  into `mj_order`(`w_id`,`tel`,`danwei`,`keshi`,`product`,`price`,`content`,`dengji`,`renwusta`,`eid`,`addtime`,`ltime`,`wtime`,`beizhu`,`status`,`aid`,`is_dy`) values (77,'1111','动监所','办公室','',NULL,'电脑问题',1,4,2,'2018-03-07 14:33:30','2018-03-07 15:48:02','2018-03-07 00:00:00','自己送来店里，修好苗君联系',1,NULL,NULL);
insert  into `mj_order`(`w_id`,`tel`,`danwei`,`keshi`,`product`,`price`,`content`,`dengji`,`renwusta`,`eid`,`addtime`,`ltime`,`wtime`,`beizhu`,`status`,`aid`,`is_dy`) values (85,'伟杰','济水办事处','陶朋主任','',NULL,'打印机按钮',1,4,2,'2018-03-09 07:57:26','2018-03-20 16:09:55','2018-03-20 00:00:00','更换电源板',1,1,0);
insert  into `mj_order`(`w_id`,`tel`,`danwei`,`keshi`,`product`,`price`,`content`,`dengji`,`renwusta`,`eid`,`addtime`,`ltime`,`wtime`,`beizhu`,`status`,`aid`,`is_dy`) values (86,'123','动监所','办公室','无线话筒',NULL,'安装音响话筒',2,4,2,'2018-03-09 11:27:33',NULL,NULL,'从丽声拿音响',0,1,0);
insert  into `mj_order`(`w_id`,`tel`,`danwei`,`keshi`,`product`,`price`,`content`,`dengji`,`renwusta`,`eid`,`addtime`,`ltime`,`wtime`,`beizhu`,`status`,`aid`,`is_dy`) values (87,'123','中原辊轴','质检部加粉/仓库换路由器','路由器',NULL,'加粉换路由器',1,4,2,'2018-03-09 14:51:03','2018-03-12 15:03:31','2018-03-12 00:00:00','只加粉88a',1,3,0);
insert  into `mj_order`(`w_id`,`tel`,`danwei`,`keshi`,`product`,`price`,`content`,`dengji`,`renwusta`,`eid`,`addtime`,`ltime`,`wtime`,`beizhu`,`status`,`aid`,`is_dy`) values (88,'123','路通路桥','财务室','88a /12a ',NULL,'加粉/带2.8米插排',1,4,2,'2018-03-09 14:53:29','2018-03-12 15:04:21','2018-03-12 00:00:00','',1,3,0);
insert  into `mj_order`(`w_id`,`tel`,`danwei`,`keshi`,`product`,`price`,`content`,`dengji`,`renwusta`,`eid`,`addtime`,`ltime`,`wtime`,`beizhu`,`status`,`aid`,`is_dy`) values (89,'123','路通路桥','办公室','三等分三联',NULL,'送打印纸',1,4,2,'2018-03-09 17:03:53','2018-03-12 15:04:51','2018-03-12 00:00:00','从祥云拿两箱',1,3,0);
insert  into `mj_order`(`w_id`,`tel`,`danwei`,`keshi`,`product`,`price`,`content`,`dengji`,`renwusta`,`eid`,`addtime`,`ltime`,`wtime`,`beizhu`,`status`,`aid`,`is_dy`) values (90,'123','科技局','四楼','',NULL,'电脑上不去网',1,4,1,'2018-03-12 08:22:12','2018-03-14 13:13:38','2018-03-14 00:00:00','已完成找到网线接口，408',1,3,0);
insert  into `mj_order`(`w_id`,`tel`,`danwei`,`keshi`,`product`,`price`,`content`,`dengji`,`renwusta`,`eid`,`addtime`,`ltime`,`wtime`,`beizhu`,`status`,`aid`,`is_dy`) values (91,'03916693332','济水办事处','城建办','',NULL,'二楼党政办那排最西边那间，电脑开不开！',2,4,2,'2018-03-12 09:46:17','2018-03-12 15:05:26','2018-03-12 00:00:00','',1,1,0);
insert  into `mj_order`(`w_id`,`tel`,`danwei`,`keshi`,`product`,`price`,`content`,`dengji`,`renwusta`,`eid`,`addtime`,`ltime`,`wtime`,`beizhu`,`status`,`aid`,`is_dy`) values (92,'03916693015','济水办事处','创建办','',NULL,'打印机不打印！下午上班去',1,4,2,'2018-03-12 10:48:35','2018-03-12 15:05:37','2018-03-12 00:00:00','',1,1,0);
insert  into `mj_order`(`w_id`,`tel`,`danwei`,`keshi`,`product`,`price`,`content`,`dengji`,`renwusta`,`eid`,`addtime`,`ltime`,`wtime`,`beizhu`,`status`,`aid`,`is_dy`) values (93,'123','路通路桥','办公室','四联三等分',NULL,'',1,4,2,'2018-03-13 08:21:12','2018-03-13 09:52:37','2018-03-13 00:00:00','',1,3,0);
insert  into `mj_order`(`w_id`,`tel`,`danwei`,`keshi`,`product`,`price`,`content`,`dengji`,`renwusta`,`eid`,`addtime`,`ltime`,`wtime`,`beizhu`,`status`,`aid`,`is_dy`) values (94,'123','阳光保险','城东','12a ',NULL,'加粉',1,4,2,'2018-03-13 09:55:42','2018-03-13 16:40:44','2018-03-13 00:00:00','',1,3,0);
insert  into `mj_order`(`w_id`,`tel`,`danwei`,`keshi`,`product`,`price`,`content`,`dengji`,`renwusta`,`eid`,`addtime`,`ltime`,`wtime`,`beizhu`,`status`,`aid`,`is_dy`) values (99,'18638907736','玉泉办事处','农办','',NULL,'走线！',1,4,2,'2018-03-15 14:34:47','2018-03-16 11:45:13','2018-03-16 00:00:00','',1,1,0);
insert  into `mj_order`(`w_id`,`tel`,`danwei`,`keshi`,`product`,`price`,`content`,`dengji`,`renwusta`,`eid`,`addtime`,`ltime`,`wtime`,`beizhu`,`status`,`aid`,`is_dy`) values (96,'123','路通路桥','办公室','88a a3纸70g ',NULL,'换硒鼓',1,4,2,'2018-03-14 15:17:23',NULL,NULL,'已经完成',0,1,0);
insert  into `mj_order`(`w_id`,`tel`,`danwei`,`keshi`,`product`,`price`,`content`,`dengji`,`renwusta`,`eid`,`addtime`,`ltime`,`wtime`,`beizhu`,`status`,`aid`,`is_dy`) values (97,'123','玉泉办事处','村镇中心','88a鼓   12a 粉',NULL,'换硒鼓  加粉',1,4,1,'2018-03-14 15:19:33','2018-03-19 14:09:00','2018-03-19 00:00:00','换12a鼓，加101粉',1,1,0);
insert  into `mj_order`(`w_id`,`tel`,`danwei`,`keshi`,`product`,`price`,`content`,`dengji`,`renwusta`,`eid`,`addtime`,`ltime`,`wtime`,`beizhu`,`status`,`aid`,`is_dy`) values (98,'李静','疫控中心','4楼','',NULL,'修电脑',1,4,2,'2018-03-14 15:21:50','2018-03-16 11:44:23','2018-03-16 00:00:00','',1,3,0);
insert  into `mj_order`(`w_id`,`tel`,`danwei`,`keshi`,`product`,`price`,`content`,`dengji`,`renwusta`,`eid`,`addtime`,`ltime`,`wtime`,`beizhu`,`status`,`aid`,`is_dy`) values (100,'～','动监所','城区站','',NULL,'联想打印机 维修，带一套2822的带一套 2441的 硒鼓和粉盒，再带两支粉，到那里看用啥了用啥',2,4,2,'2018-03-16 09:07:27','2018-03-16 16:21:51','2018-03-16 00:00:00','',1,1,0);
insert  into `mj_order`(`w_id`,`tel`,`danwei`,`keshi`,`product`,`price`,`content`,`dengji`,`renwusta`,`eid`,`addtime`,`ltime`,`wtime`,`beizhu`,`status`,`aid`,`is_dy`) values (101,'～','动监所','轵城站','',NULL,'联想打印机加粉',2,4,2,'2018-03-16 09:07:27','2018-03-16 15:05:20','2018-03-16 00:00:00','',1,1,0);
insert  into `mj_order`(`w_id`,`tel`,`danwei`,`keshi`,`product`,`price`,`content`,`dengji`,`renwusta`,`eid`,`addtime`,`ltime`,`wtime`,`beizhu`,`status`,`aid`,`is_dy`) values (102,'江琴','中原辊轴','财务室','',NULL,'打印机卡纸！整理没结账清单',1,4,1,'2018-03-16 10:01:53','2018-03-17 15:33:50','2018-03-22 00:00:00','更换定影420，3.21更换完成！',1,1,0);
insert  into `mj_order`(`w_id`,`tel`,`danwei`,`keshi`,`product`,`price`,`content`,`dengji`,`renwusta`,`eid`,`addtime`,`ltime`,`wtime`,`beizhu`,`status`,`aid`,`is_dy`) values (103,'123','质量检测中心','办公室','120g 固态硬盘2050粉盒',NULL,'加固态硬盘  换粉盒',1,4,2,'2018-03-16 10:21:36','2018-03-16 11:44:46','2018-03-16 00:00:00','',1,3,0);
insert  into `mj_order`(`w_id`,`tel`,`danwei`,`keshi`,`product`,`price`,`content`,`dengji`,`renwusta`,`eid`,`addtime`,`ltime`,`wtime`,`beizhu`,`status`,`aid`,`is_dy`) values (104,'123','动监所','邵原','显卡',NULL,'显卡',1,4,1,'2018-03-16 16:28:31','2018-03-19 14:10:22','2018-03-19 00:00:00','下周一来去！已经完成，等待来取！',1,3,0);
insert  into `mj_order`(`w_id`,`tel`,`danwei`,`keshi`,`product`,`price`,`content`,`dengji`,`renwusta`,`eid`,`addtime`,`ltime`,`wtime`,`beizhu`,`status`,`aid`,`is_dy`) values (106,'15839196188','中原辊轴','会议室','',NULL,'笔记本死机',1,4,2,'2018-03-19 09:49:50','2018-03-19 14:42:12','2018-03-19 00:00:00','',1,3,0);
insert  into `mj_order`(`w_id`,`tel`,`danwei`,`keshi`,`product`,`price`,`content`,`dengji`,`renwusta`,`eid`,`addtime`,`ltime`,`wtime`,`beizhu`,`status`,`aid`,`is_dy`) values (107,'123','玉泉办事处','文化中心','12a 粉',NULL,'加粉',1,4,1,'2018-03-19 09:51:38','2018-03-19 16:57:28','2018-03-19 00:00:00','已加粉，未开条',1,1,0);
insert  into `mj_order`(`w_id`,`tel`,`danwei`,`keshi`,`product`,`price`,`content`,`dengji`,`renwusta`,`eid`,`addtime`,`ltime`,`wtime`,`beizhu`,`status`,`aid`,`is_dy`) values (108,'6685306','济水办事处','组织办','',NULL,'电脑网页弹东西',1,4,2,'2018-03-19 11:23:58','2018-03-20 08:29:06','2018-03-20 00:00:00','过两天换新电脑',1,3,0);
insert  into `mj_order`(`w_id`,`tel`,`danwei`,`keshi`,`product`,`price`,`content`,`dengji`,`renwusta`,`eid`,`addtime`,`ltime`,`wtime`,`beizhu`,`status`,`aid`,`is_dy`) values (109,'123','动监所','双汇出证','12a ',NULL,'打印机加粉',1,4,2,'2018-03-19 14:13:00','2018-03-20 08:28:16','2018-03-20 00:00:00','',1,3,0);
insert  into `mj_order`(`w_id`,`tel`,`danwei`,`keshi`,`product`,`price`,`content`,`dengji`,`renwusta`,`eid`,`addtime`,`ltime`,`wtime`,`beizhu`,`status`,`aid`,`is_dy`) values (110,'123','质检中心','办公室','12a ',NULL,'加粉',1,4,2,'2018-03-20 10:38:23',NULL,'2018-03-20 00:00:00','',1,3,0);
insert  into `mj_order`(`w_id`,`tel`,`danwei`,`keshi`,`product`,`price`,`content`,`dengji`,`renwusta`,`eid`,`addtime`,`ltime`,`wtime`,`beizhu`,`status`,`aid`,`is_dy`) values (111,'03916086511','动监所','轵城站','',NULL,'打印机打印不清楚',1,4,1,'2018-03-20 11:00:08','2018-03-20 12:36:48','2018-03-20 00:00:00','已清理，打印清楚！打印销售单，80联想粉！不出库',1,1,0);
insert  into `mj_order`(`w_id`,`tel`,`danwei`,`keshi`,`product`,`price`,`content`,`dengji`,`renwusta`,`eid`,`addtime`,`ltime`,`wtime`,`beizhu`,`status`,`aid`,`is_dy`) values (112,'葛阳','玉泉办事处','经济办','',NULL,'88A加粉',1,4,2,'2018-03-20 11:19:21','2018-03-20 15:19:08','2018-03-20 00:00:00','',1,1,0);
insert  into `mj_order`(`w_id`,`tel`,`danwei`,`keshi`,`product`,`price`,`content`,`dengji`,`renwusta`,`eid`,`addtime`,`ltime`,`wtime`,`beizhu`,`status`,`aid`,`is_dy`) values (113,'15539132150','基础部','106','',NULL,'打印不清楚',1,4,1,'2018-03-20 11:27:10','2018-03-20 12:37:58','2018-03-20 00:00:00','更换硒鼓，记碳粉',1,1,0);
insert  into `mj_order`(`w_id`,`tel`,`danwei`,`keshi`,`product`,`price`,`content`,`dengji`,`renwusta`,`eid`,`addtime`,`ltime`,`wtime`,`beizhu`,`status`,`aid`,`is_dy`) values (114,'新','玉泉办事处','纪检书记','',NULL,'主板电池',1,4,1,'2018-03-20 12:29:10','2018-03-20 15:19:53','2018-03-20 00:00:00','已更换',1,1,0);
insert  into `mj_order`(`w_id`,`tel`,`danwei`,`keshi`,`product`,`price`,`content`,`dengji`,`renwusta`,`eid`,`addtime`,`ltime`,`wtime`,`beizhu`,`status`,`aid`,`is_dy`) values (115,'电话','科技局','文印室','',NULL,'修理复印机',1,4,2,'2018-03-20 12:38:35','2018-03-21 17:53:02','2018-03-21 00:00:00','换硒鼓载体刮板',1,1,0);
insert  into `mj_order`(`w_id`,`tel`,`danwei`,`keshi`,`product`,`price`,`content`,`dengji`,`renwusta`,`eid`,`addtime`,`ltime`,`wtime`,`beizhu`,`status`,`aid`,`is_dy`) values (116,'123','质检中心','二楼','',NULL,'修打印机',1,4,2,'2018-03-21 09:43:59','2018-03-22 11:04:03','2018-03-22 00:00:00','',1,3,0);
insert  into `mj_order`(`w_id`,`tel`,`danwei`,`keshi`,`product`,`price`,`content`,`dengji`,`renwusta`,`eid`,`addtime`,`ltime`,`wtime`,`beizhu`,`status`,`aid`,`is_dy`) values (117,'123','疫控中心','五楼','',NULL,'修电脑',1,4,2,'2018-03-21 09:44:57','2018-03-21 17:52:45','2018-03-21 00:00:00','',1,3,0);
insert  into `mj_order`(`w_id`,`tel`,`danwei`,`keshi`,`product`,`price`,`content`,`dengji`,`renwusta`,`eid`,`addtime`,`ltime`,`wtime`,`beizhu`,`status`,`aid`,`is_dy`) values (118,'6685306','济水办事处','组织办','',NULL,'电脑安装，调试',1,4,2,'2018-03-22 07:42:14','2018-03-29 09:22:48','2018-03-29 00:00:00','',1,1,0);
insert  into `mj_order`(`w_id`,`tel`,`danwei`,`keshi`,`product`,`price`,`content`,`dengji`,`renwusta`,`eid`,`addtime`,`ltime`,`wtime`,`beizhu`,`status`,`aid`,`is_dy`) values (119,'03916808998','济水办事处','党政办','',NULL,'打印机不打印！',1,4,2,'2018-03-22 09:00:22','2018-03-22 11:04:25','2018-03-22 00:00:00','北二楼楼梯西第二间',1,1,0);
insert  into `mj_order`(`w_id`,`tel`,`danwei`,`keshi`,`product`,`price`,`content`,`dengji`,`renwusta`,`eid`,`addtime`,`ltime`,`wtime`,`beizhu`,`status`,`aid`,`is_dy`) values (120,'123','济水办事处','党政办','32g U盘',NULL,'送U盘',1,4,2,'2018-03-22 10:49:16',NULL,NULL,'',1,1,0);
insert  into `mj_order`(`w_id`,`tel`,`danwei`,`keshi`,`product`,`price`,`content`,`dengji`,`renwusta`,`eid`,`addtime`,`ltime`,`wtime`,`beizhu`,`status`,`aid`,`is_dy`) values (121,'15660106137','动监所','双汇出证','',NULL,'打印机卡纸',1,4,2,'2018-03-22 14:15:29','2018-03-22 15:03:11','2018-03-22 00:00:00','',1,1,0);
insert  into `mj_order`(`w_id`,`tel`,`danwei`,`keshi`,`product`,`price`,`content`,`dengji`,`renwusta`,`eid`,`addtime`,`ltime`,`wtime`,`beizhu`,`status`,`aid`,`is_dy`) values (122,'123','科技局','办公室','插排 2.8米6空两个，4.8米八孔一个',NULL,'送插排',1,4,2,'2018-03-23 08:31:08','2018-03-26 08:21:35','2018-03-26 00:00:00','',1,3,0);
insert  into `mj_order`(`w_id`,`tel`,`danwei`,`keshi`,`product`,`price`,`content`,`dengji`,`renwusta`,`eid`,`addtime`,`ltime`,`wtime`,`beizhu`,`status`,`aid`,`is_dy`) values (123,'文燕','路通路桥','计划科','',NULL,'大复印机打出来有黑点 ',1,4,1,'2018-03-23 09:48:22','2018-03-23 22:28:04','2018-03-23 00:00:00','已于客户沟通，更换硒鼓，或更换机器',1,1,0);
insert  into `mj_order`(`w_id`,`tel`,`danwei`,`keshi`,`product`,`price`,`content`,`dengji`,`renwusta`,`eid`,`addtime`,`ltime`,`wtime`,`beizhu`,`status`,`aid`,`is_dy`) values (124,'03916893722','路通路桥','财务室','88A，或者12A',NULL,'周六十点加粉',1,4,2,'2018-03-23 22:29:00','2018-03-26 08:20:55','2018-03-26 00:00:00','12a',1,1,0);
insert  into `mj_order`(`w_id`,`tel`,`danwei`,`keshi`,`product`,`price`,`content`,`dengji`,`renwusta`,`eid`,`addtime`,`ltime`,`wtime`,`beizhu`,`status`,`aid`,`is_dy`) values (125,'123','玉泉办事处','民政大厅','12A  88A ',NULL,'加粉',1,4,2,'2018-03-26 16:28:41','2018-03-26 16:30:20','2018-03-26 00:00:00','12a一支，88a两支',1,3,0);
insert  into `mj_order`(`w_id`,`tel`,`danwei`,`keshi`,`product`,`price`,`content`,`dengji`,`renwusta`,`eid`,`addtime`,`ltime`,`wtime`,`beizhu`,`status`,`aid`,`is_dy`) values (126,'加粉','中原辊轴','技术部','理光2501',NULL,'加粉',1,4,2,'2018-03-26 16:29:49','2018-03-26 16:31:21','2018-03-26 00:00:00','理光2000L换粉桶',1,3,0);
insert  into `mj_order`(`w_id`,`tel`,`danwei`,`keshi`,`product`,`price`,`content`,`dengji`,`renwusta`,`eid`,`addtime`,`ltime`,`wtime`,`beizhu`,`status`,`aid`,`is_dy`) values (127,'123','科技局','办公室','送U 盘32g ',NULL,'送U盘',1,4,1,'2018-03-26 16:30:54','2018-03-26 16:47:07','2018-03-26 00:00:00','送到',1,3,0);
insert  into `mj_order`(`w_id`,`tel`,`danwei`,`keshi`,`product`,`price`,`content`,`dengji`,`renwusta`,`eid`,`addtime`,`ltime`,`wtime`,`beizhu`,`status`,`aid`,`is_dy`) values (128,'03912191064','中原辊轴','外贸部','',NULL,'彩色打印机不打印',1,4,2,'2018-03-26 16:47:41','2018-03-27 11:01:10','2018-03-27 00:00:00','换芯片，黑色，黄色',1,1,0);
insert  into `mj_order`(`w_id`,`tel`,`danwei`,`keshi`,`product`,`price`,`content`,`dengji`,`renwusta`,`eid`,`addtime`,`ltime`,`wtime`,`beizhu`,`status`,`aid`,`is_dy`) values (129,'03916693015','济水办事处','创建办','',NULL,'加粉，明天早上去！',1,4,2,'2018-03-26 16:49:15','2018-03-27 08:42:05','2018-03-27 00:00:00','',1,1,0);
insert  into `mj_order`(`w_id`,`tel`,`danwei`,`keshi`,`product`,`price`,`content`,`dengji`,`renwusta`,`eid`,`addtime`,`ltime`,`wtime`,`beizhu`,`status`,`aid`,`is_dy`) values (130,'姚超','阳光保险','中支','',NULL,'加粉5支，多带2支！',1,4,2,'2018-03-26 16:51:54','2018-03-27 09:47:22','2018-03-27 00:00:00','明天去',1,1,0);
insert  into `mj_order`(`w_id`,`tel`,`danwei`,`keshi`,`product`,`price`,`content`,`dengji`,`renwusta`,`eid`,`addtime`,`ltime`,`wtime`,`beizhu`,`status`,`aid`,`is_dy`) values (131,'新平','玉泉办事处','园区','',NULL,'园区和社区都上不去网',1,4,2,'2018-03-27 08:38:28','2018-03-27 10:14:10','2018-03-27 00:00:00','',1,1,0);
insert  into `mj_order`(`w_id`,`tel`,`danwei`,`keshi`,`product`,`price`,`content`,`dengji`,`renwusta`,`eid`,`addtime`,`ltime`,`wtime`,`beizhu`,`status`,`aid`,`is_dy`) values (132,'123','疫控中心','办公室','',NULL,'打印机维修',1,4,2,'2018-03-27 16:58:24','2018-03-27 17:22:26','2018-03-27 00:00:00','',1,3,0);
insert  into `mj_order`(`w_id`,`tel`,`danwei`,`keshi`,`product`,`price`,`content`,`dengji`,`renwusta`,`eid`,`addtime`,`ltime`,`wtime`,`beizhu`,`status`,`aid`,`is_dy`) values (133,'123','质检中心','办公室','取回2050粉盒，安装固态硬盘',NULL,'装硬盘',1,4,2,'2018-03-27 16:59:03','2018-03-27 17:22:47','2018-03-27 00:00:00','',1,3,0);
insert  into `mj_order`(`w_id`,`tel`,`danwei`,`keshi`,`product`,`price`,`content`,`dengji`,`renwusta`,`eid`,`addtime`,`ltime`,`wtime`,`beizhu`,`status`,`aid`,`is_dy`) values (134,'123','李新军','没有','送打印机',NULL,'打印机维修',1,4,2,'2018-03-27 17:00:06','2018-03-27 17:23:11','2018-03-27 00:00:00','送兄弟2045打印机',1,3,0);
insert  into `mj_order`(`w_id`,`tel`,`danwei`,`keshi`,`product`,`price`,`content`,`dengji`,`renwusta`,`eid`,`addtime`,`ltime`,`wtime`,`beizhu`,`status`,`aid`,`is_dy`) values (135,'123','阳光中支','刘总','Tp 886',NULL,'装路由器',1,4,2,'2018-03-28 16:15:25','2018-03-29 09:23:54','2018-03-29 00:00:00','',1,3,0);
insert  into `mj_order`(`w_id`,`tel`,`danwei`,`keshi`,`product`,`price`,`content`,`dengji`,`renwusta`,`eid`,`addtime`,`ltime`,`wtime`,`beizhu`,`status`,`aid`,`is_dy`) values (136,'123','济水办事处','社区办','',NULL,'网络调试',1,4,2,'2018-03-28 16:16:16','2018-03-29 09:21:56','2018-03-29 00:00:00','走8米网线',1,3,0);
insert  into `mj_order`(`w_id`,`tel`,`danwei`,`keshi`,`product`,`price`,`content`,`dengji`,`renwusta`,`eid`,`addtime`,`ltime`,`wtime`,`beizhu`,`status`,`aid`,`is_dy`) values (137,'黄老师','天坛幼儿园','大四班','',NULL,'电脑有问题',1,4,2,'2018-04-02 14:55:33','2018-04-02 15:53:11','2018-04-02 00:00:00','',1,3,0);
insert  into `mj_order`(`w_id`,`tel`,`danwei`,`keshi`,`product`,`price`,`content`,`dengji`,`renwusta`,`eid`,`addtime`,`ltime`,`wtime`,`beizhu`,`status`,`aid`,`is_dy`) values (138,'123','阳光保险','城东','12a 两支88a 一支',NULL,'加粉',1,4,2,'2018-04-03 09:00:34','2018-04-03 10:00:36','2018-04-03 00:00:00','',1,3,0);
insert  into `mj_order`(`w_id`,`tel`,`danwei`,`keshi`,`product`,`price`,`content`,`dengji`,`renwusta`,`eid`,`addtime`,`ltime`,`wtime`,`beizhu`,`status`,`aid`,`is_dy`) values (139,'123','济水办事处','党政办','5.个16G 金士顿U 盘',NULL,'',1,4,1,'2018-04-04 09:14:16','2018-04-04 21:58:05','2018-04-04 00:00:00','',1,3,0);
insert  into `mj_order`(`w_id`,`tel`,`danwei`,`keshi`,`product`,`price`,`content`,`dengji`,`renwusta`,`eid`,`addtime`,`ltime`,`wtime`,`beizhu`,`status`,`aid`,`is_dy`) values (140,'123','济水办事处','安全办','雷柏鼠标',NULL,'送鼠标',1,4,2,'2018-04-04 14:33:00','2018-04-04 16:27:15','2018-04-04 00:00:00','',1,3,0);
insert  into `mj_order`(`w_id`,`tel`,`danwei`,`keshi`,`product`,`price`,`content`,`dengji`,`renwusta`,`eid`,`addtime`,`ltime`,`wtime`,`beizhu`,`status`,`aid`,`is_dy`) values (141,'张','质检中心','张振宇','',NULL,'加粉88A过完节去',1,4,2,'2018-04-04 21:58:46','2018-04-08 11:47:58','2018-04-08 00:00:00','',1,1,0);
insert  into `mj_order`(`w_id`,`tel`,`danwei`,`keshi`,`product`,`price`,`content`,`dengji`,`renwusta`,`eid`,`addtime`,`ltime`,`wtime`,`beizhu`,`status`,`aid`,`is_dy`) values (142,'新','玉泉办事处','代理中心','',NULL,'加粉12A',1,4,2,'2018-04-08 08:52:54','2018-04-08 11:48:40','2018-04-08 00:00:00','',1,1,0);
insert  into `mj_order`(`w_id`,`tel`,`danwei`,`keshi`,`product`,`price`,`content`,`dengji`,`renwusta`,`eid`,`addtime`,`ltime`,`wtime`,`beizhu`,`status`,`aid`,`is_dy`) values (143,'周慧杰','阳光保险','城东','',NULL,'安装630驱动',1,4,2,'2018-04-08 08:53:37','2018-04-08 11:48:49','2018-04-08 00:00:00','',1,1,0);
insert  into `mj_order`(`w_id`,`tel`,`danwei`,`keshi`,`product`,`price`,`content`,`dengji`,`renwusta`,`eid`,`addtime`,`ltime`,`wtime`,`beizhu`,`status`,`aid`,`is_dy`) values (144,'123','疫控中心','办公室','佳能821青色和红色，铜版纸',NULL,'换墨水',1,4,1,'2018-04-08 11:48:15','2018-04-09 08:16:47','2018-04-09 00:00:00','',1,3,0);
insert  into `mj_order`(`w_id`,`tel`,`danwei`,`keshi`,`product`,`price`,`content`,`dengji`,`renwusta`,`eid`,`addtime`,`ltime`,`wtime`,`beizhu`,`status`,`aid`,`is_dy`) values (145,'123','济水办事处','赵主任西边','',NULL,'走线',1,4,2,'2018-04-08 11:49:39','2018-04-08 17:22:29','2018-04-08 00:00:00','',1,3,0);
insert  into `mj_order`(`w_id`,`tel`,`danwei`,`keshi`,`product`,`price`,`content`,`dengji`,`renwusta`,`eid`,`addtime`,`ltime`,`wtime`,`beizhu`,`status`,`aid`,`is_dy`) values (146,'123','玉泉办事处','亚桥社区','12a 两支',NULL,'加粉',1,4,2,'2018-04-08 16:47:51','2018-04-09 11:04:35','2018-04-09 00:00:00','加联想粉',1,3,0);
insert  into `mj_order`(`w_id`,`tel`,`danwei`,`keshi`,`product`,`price`,`content`,`dengji`,`renwusta`,`eid`,`addtime`,`ltime`,`wtime`,`beizhu`,`status`,`aid`,`is_dy`) values (147,'123','玉泉办事处','文化中心','双飞燕键盘',NULL,'键盘',1,4,2,'2018-04-08 16:48:35','2018-04-09 11:05:09','2018-04-09 00:00:00','',1,3,0);
insert  into `mj_order`(`w_id`,`tel`,`danwei`,`keshi`,`product`,`price`,`content`,`dengji`,`renwusta`,`eid`,`addtime`,`ltime`,`wtime`,`beizhu`,`status`,`aid`,`is_dy`) values (148,'123','天坛幼儿园','中二班','',NULL,'电脑装系统',1,4,2,'2018-04-09 15:19:45','2018-04-10 08:38:35','2018-04-10 00:00:00','',1,3,0);
insert  into `mj_order`(`w_id`,`tel`,`danwei`,`keshi`,`product`,`price`,`content`,`dengji`,`renwusta`,`eid`,`addtime`,`ltime`,`wtime`,`beizhu`,`status`,`aid`,`is_dy`) values (149,'123','济水办事处','玉仙社区','Vga线',NULL,'电脑维修',1,4,1,'2018-04-09 15:20:28','2018-04-10 08:35:48','2018-04-12 00:00:00','骆磊',1,3,0);
insert  into `mj_order`(`w_id`,`tel`,`danwei`,`keshi`,`product`,`price`,`content`,`dengji`,`renwusta`,`eid`,`addtime`,`ltime`,`wtime`,`beizhu`,`status`,`aid`,`is_dy`) values (150,'123','科技局','办公室','12a ',NULL,'加粉',1,4,2,'2018-04-09 15:49:19','2018-04-10 09:53:24','2018-04-10 00:00:00','',1,3,0);
insert  into `mj_order`(`w_id`,`tel`,`danwei`,`keshi`,`product`,`price`,`content`,`dengji`,`renwusta`,`eid`,`addtime`,`ltime`,`wtime`,`beizhu`,`status`,`aid`,`is_dy`) values (151,'123','技术学院基础部','办公室','12A ',NULL,'加粉',1,4,2,'2018-04-10 09:34:00','2018-04-10 10:20:27','2018-04-10 00:00:00','',1,3,0);
insert  into `mj_order`(`w_id`,`tel`,`danwei`,`keshi`,`product`,`price`,`content`,`dengji`,`renwusta`,`eid`,`addtime`,`ltime`,`wtime`,`beizhu`,`status`,`aid`,`is_dy`) values (155,'刘苗','动监所','双汇','',NULL,'2个硒鼓',1,4,1,'2018-03-25 00:00:00','2018-03-25 00:00:00','2018-03-25 00:00:00','',1,1,0);
insert  into `mj_order`(`w_id`,`tel`,`danwei`,`keshi`,`product`,`price`,`content`,`dengji`,`renwusta`,`eid`,`addtime`,`ltime`,`wtime`,`beizhu`,`status`,`aid`,`is_dy`) values (156,'123','济水办事处','社区办','',NULL,'上不去网',1,4,2,'2018-04-23 15:56:53','2018-04-23 16:04:56','2018-04-23 00:00:00','',1,3,0);
insert  into `mj_order`(`w_id`,`tel`,`danwei`,`keshi`,`product`,`price`,`content`,`dengji`,`renwusta`,`eid`,`addtime`,`ltime`,`wtime`,`beizhu`,`status`,`aid`,`is_dy`) values (154,'123','技术学院','人事科','联想的',NULL,'加粉',1,4,2,'2018-04-10 14:57:58','2018-04-11 08:22:35','2018-04-11 00:00:00','12a粉。联想粉',1,3,0);
insert  into `mj_order`(`w_id`,`tel`,`danwei`,`keshi`,`product`,`price`,`content`,`dengji`,`renwusta`,`eid`,`addtime`,`ltime`,`wtime`,`beizhu`,`status`,`aid`,`is_dy`) values (157,'123','济水办事处','党政办','Tp 886',NULL,'安装路由器',1,1,0,'2018-04-23 15:57:25',NULL,NULL,'',0,3,0);
insert  into `mj_order`(`w_id`,`tel`,`danwei`,`keshi`,`product`,`price`,`content`,`dengji`,`renwusta`,`eid`,`addtime`,`ltime`,`wtime`,`beizhu`,`status`,`aid`,`is_dy`) values (158,'123','天坛幼儿园','办公室','双飞燕',NULL,'安装鼠标',1,1,0,'2018-04-23 15:58:21',NULL,NULL,'',0,3,0);
insert  into `mj_order`(`w_id`,`tel`,`danwei`,`keshi`,`product`,`price`,`content`,`dengji`,`renwusta`,`eid`,`addtime`,`ltime`,`wtime`,`beizhu`,`status`,`aid`,`is_dy`) values (159,'123','济水办事处','活动办','88a ',NULL,'加粉',1,4,2,'2018-04-23 15:59:21','2018-04-23 16:04:19','2018-04-23 00:00:00','',1,3,0);
insert  into `mj_order`(`w_id`,`tel`,`danwei`,`keshi`,`product`,`price`,`content`,`dengji`,`renwusta`,`eid`,`addtime`,`ltime`,`wtime`,`beizhu`,`status`,`aid`,`is_dy`) values (160,'123','玉泉办事处','泉惠社区','联想粉',NULL,'加粉',1,4,2,'2018-04-25 09:18:30','2018-04-26 15:42:27','2018-04-26 00:00:00','',1,3,0);
insert  into `mj_order`(`w_id`,`tel`,`danwei`,`keshi`,`product`,`price`,`content`,`dengji`,`renwusta`,`eid`,`addtime`,`ltime`,`wtime`,`beizhu`,`status`,`aid`,`is_dy`) values (161,'123','玉泉办事处','计生办','1215粉',NULL,'加粉',1,4,2,'2018-04-25 09:19:43','2018-04-26 15:43:18','2018-04-26 00:00:00','',1,3,0);
insert  into `mj_order`(`w_id`,`tel`,`danwei`,`keshi`,`product`,`price`,`content`,`dengji`,`renwusta`,`eid`,`addtime`,`ltime`,`wtime`,`beizhu`,`status`,`aid`,`is_dy`) values (162,'123','玉泉办事处','纪检','88A ',NULL,'加粉',1,4,2,'2018-04-25 09:20:33','2018-04-26 15:42:49','2018-04-26 00:00:00','',1,3,0);
insert  into `mj_order`(`w_id`,`tel`,`danwei`,`keshi`,`product`,`price`,`content`,`dengji`,`renwusta`,`eid`,`addtime`,`ltime`,`wtime`,`beizhu`,`status`,`aid`,`is_dy`) values (163,'123','济水办事处','计生办','12A ',NULL,'加粉',1,1,0,'2018-04-25 09:21:38',NULL,NULL,'',0,3,0);
insert  into `mj_order`(`w_id`,`tel`,`danwei`,`keshi`,`product`,`price`,`content`,`dengji`,`renwusta`,`eid`,`addtime`,`ltime`,`wtime`,`beizhu`,`status`,`aid`,`is_dy`) values (164,'123','阳光保险','中支','12A 粉十支',NULL,'加粉',1,4,1,'2018-04-25 09:22:33','2018-05-31 15:09:06','2018-05-31 00:00:00','已经完成',1,3,0);

/*Table structure for table `mj_type` */

CREATE TABLE `mj_type` (
  `t_id` int(11) NOT NULL AUTO_INCREMENT,
  `type` varchar(50) NOT NULL COMMENT '状态',
  `typename` varchar(30) DEFAULT NULL COMMENT '状态名字',
  PRIMARY KEY (`t_id`)
) ENGINE=MyISAM AUTO_INCREMENT=6 DEFAULT CHARSET=utf8;

/*Data for the table `mj_type` */

insert  into `mj_type`(`t_id`,`type`,`typename`) values (1,'<font color=green>新发</font>','新发');
insert  into `mj_type`(`t_id`,`type`,`typename`) values (2,'<font color=#5BC0DE>已领</font>','已领');
insert  into `mj_type`(`t_id`,`type`,`typename`) values (3,'<font color=\'#EC971F\'>处理中</font>','处理中');
insert  into `mj_type`(`t_id`,`type`,`typename`) values (4,'<font color=red>完成</font>','完成');
insert  into `mj_type`(`t_id`,`type`,`typename`) values (5,'<font color=#FFCE43><b>未完成</b></font>','未完成');

/*!40101 SET SQL_MODE=@OLD_SQL_MODE */;
/*!40014 SET UNIQUE_CHECKS=@OLD_UNIQUE_CHECKS */;
/*!40111 SET SQL_NOTES=@OLD_SQL_NOTES */;
